"GEOD_TRF_CODE","GEOD_TRF_EPSG_NAME","GEOD_TRF_USER_NAME","DESCRIPTION","SOURCE_HORIZCS_CODE","TARGET_HORIZCS_CODE","COORD_TRF_VARIANT","COORD_TRF_PATH_CODE","REVISION_DATE","INFORMATION_SOURCE","DATA_SOURCE","REMARKS","CHANGE_ID"
8000,Adindan to WGS 84 (1),,,4201,4326,1,8400,1996-10-18 00:00:00,,EPSG,,
8001,Adindan to WGS 84 (2),,,4201,4326,2,8401,1996-10-18 00:00:00,,EPSG,,
8002,Adindan to WGS 84 (3),,,4201,4326,3,8402,1996-10-18 00:00:00,,EPSG,,
8003,Adindan to WGS 84 (4),,,4201,4326,4,8403,1996-10-18 00:00:00,,EPSG,,
8004,Adindan to WGS 84 (5),,,4201,4326,5,8404,1996-10-18 00:00:00,,EPSG,,
8005,Adindan to WGS 84 (6),,,4201,4326,6,8405,1996-10-18 00:00:00,,EPSG,,
8006,Adindan to WGS 84 (7),,,4201,4326,7,8406,1996-10-18 00:00:00,,EPSG,,
8007,Afgooye to WGS 84 (1),,,4205,4326,1,8407,1996-10-18 00:00:00,,EPSG,,
8008,AGD66 to WGS 84 (1),,,4202,4326,1,8408,1996-10-18 00:00:00,,EPSG,,
8009,AGD84 to WGS 84 (1),,,4203,4326,1,8409,1996-10-18 00:00:00,,EPSG,,
8010,Ain el Abd to WGS 84 (1),,,4204,4326,1,8410,1996-10-18 00:00:00,,EPSG,,
8011,Ain el Abd to WGS 84 (2),,,4204,4326,2,8411,1996-10-18 00:00:00,,EPSG,,
8012,Amersfoort to WGS 84 (1),,,4289,4326,1,8412,1996-10-18 00:00:00,,EPSG,,
8013,Arc 1950 to WGS 84 (1),,,4209,4326,1,8413,1996-10-18 00:00:00,,EPSG,,
8014,Arc 1950 to WGS 84 (2),,,4209,4326,2,8414,1996-10-18 00:00:00,,EPSG,,
8015,Arc 1950 to WGS 84 (3),,,4209,4326,3,8415,1996-10-18 00:00:00,,EPSG,,
8016,Arc 1950 to WGS 84 (4),,,4209,4326,4,8416,1996-10-18 00:00:00,,EPSG,,
8017,Arc 1950 to WGS 84 (5),,,4209,4326,5,8417,1996-10-18 00:00:00,,EPSG,,
8018,Arc 1950 to WGS 84 (6),,,4209,4326,6,8418,1996-10-18 00:00:00,,EPSG,,
8019,Arc 1950 to WGS 84 (7),,,4209,4326,7,8419,1996-10-18 00:00:00,,EPSG,,
8020,Arc 1950 to WGS 84 (8),,,4209,4326,8,8420,1996-10-18 00:00:00,,EPSG,,
8021,Arc 1950 to WGS 84 (9),,,4209,4326,9,8421,1996-10-18 00:00:00,,EPSG,,
8022,Arc 1960 to WGS 84 (1),,,4210,4326,1,8422,1996-10-18 00:00:00,,EPSG,,
8023,Batavia to WGS 84 (1),,,4211,4326,1,8423,1996-10-18 00:00:00,,EPSG,,
8024,Bermuda 1957 to WGS 84 (1),,,4216,4326,1,8424,1996-10-18 00:00:00,,EPSG,,
8025,Bogota to WGS 84 (1),,,4218,4326,1,8425,1996-10-18 00:00:00,,EPSG,,
8026,Bukit Rimpah to WGS 84 (1),,,4219,4326,1,8426,1996-10-18 00:00:00,,EPSG,,
8027,Campo Inchauspe to WGS 84 (1),,,4221,4326,1,8427,1996-10-18 00:00:00,,EPSG,,
8028,Cape to WGS 84 (1),,,4222,4326,1,8428,1996-10-18 00:00:00,,EPSG,,
8029,Cape to WGS 84 (2),,,4222,4326,2,8429,1996-10-18 00:00:00,,EPSG,,
8030,Carthage to WGS 84 (1),,,4223,4326,1,8430,1996-10-18 00:00:00,,EPSG,,
8031,Chua to WGS 84 (1),,,4224,4326,1,8431,1996-10-18 00:00:00,,EPSG,,
8032,Corrego Alegre to WGS 84 (1),,,4225,4326,1,8432,1996-10-18 00:00:00,,EPSG,,
8033,ED50 to WGS 84 (1),,,4230,4326,1,8433,1996-10-18 00:00:00,,EPSG,,
8034,ED50 to WGS 84 (2),,,4230,4326,2,8434,1996-10-18 00:00:00,,EPSG,,
8035,ED50 to WGS 84 (3),,,4230,4326,3,8435,1996-10-18 00:00:00,,EPSG,,
8036,ED50 to WGS 84 (4),,,4230,4326,4,8436,1996-10-18 00:00:00,,EPSG,,
8037,ED50 to WGS 84 (5),,,4230,4326,5,8437,1996-10-18 00:00:00,,EPSG,,
8038,ED50 to WGS 84 (6),,,4230,4326,6,8438,1996-10-18 00:00:00,,EPSG,,
8039,ED50 to WGS 84 (7),,,4230,4326,7,8439,1996-10-18 00:00:00,,EPSG,,
8040,ED50 to WGS 84 (8),,,4230,4326,8,8440,1996-10-18 00:00:00,,EPSG,,
8041,ED50 to WGS 84 (9),,,4230,4326,9,8441,1996-10-18 00:00:00,,EPSG,,
8042,ED50 to WGS 84 (10),,,4230,4326,10,8442,1996-10-18 00:00:00,,EPSG,,
8043,ED50 to WGS 84 (11),,,4230,4326,11,8443,1996-10-18 00:00:00,,EPSG,,
8044,ED50 to WGS 84 (12),,,4230,4326,12,8444,1996-10-18 00:00:00,,EPSG,,
8045,ED50 to WGS 84 (13),,,4230,4326,13,8445,1996-10-18 00:00:00,,EPSG,,
8046,ED50 to WGS 84 (14),,,4230,4326,14,8446,1996-10-18 00:00:00,,EPSG,,
8047,ED50 to WGS 84 (15),,,4230,4326,15,8447,1996-10-18 00:00:00,,EPSG,,
8048,Egypt 1907 to WGS 84 (1),,,4229,4326,1,8448,1996-10-18 00:00:00,,EPSG,,
8049,ETRS89 to WGS 84 (1),,,4258,4326,1,8449,1997-06-19 00:00:00,,EPSG,,97.24
8050,GDA94 to WGS 84 (1),,,4283,4326,1,8450,1996-10-18 00:00:00,,EPSG,,
8051,GD49 to WGS 84 (1),,,4272,4326,1,8451,1996-10-18 00:00:00,,EPSG,,
8052,Hu Tzu Shan to WGS 84 (1),,,4236,4326,1,8452,1996-10-18 00:00:00,,EPSG,,
8053,Indian 1954 to WGS 84 (1),,,4239,4326,1,8453,1996-10-18 00:00:00,,EPSG,,
8054,Indian 1975 to WGS 84 (1),,,4240,4326,1,8454,1996-10-18 00:00:00,,EPSG,,
8055,Kalianpur to WGS 84 (1),,,4243,4326,1,8455,1996-10-18 00:00:00,,EPSG,,
8056,Kalianpur to WGS 84 (2),,,4243,4326,2,8456,1996-10-18 00:00:00,,EPSG,,
8057,Kandawala to WGS 84 (1),,,4244,4326,1,8457,1996-10-18 00:00:00,,EPSG,,
8058,Kertau to WGS 84 (1),,,4245,4326,1,8458,1996-10-18 00:00:00,,EPSG,,
8059,Leigon to WGS 84 (1),,,4250,4326,1,8459,1996-10-18 00:00:00,,EPSG,,
8060,Liberia 1964 to WGS 84 (1),,,4251,4326,1,8460,1996-10-18 00:00:00,,EPSG,,
8061,Luzon 1911 to WGS 84 (1),,,4253,4326,1,8461,1996-10-18 00:00:00,,EPSG,,
8062,Luzon 1911 to WGS 84 (2),,,4253,4326,2,8462,1996-10-18 00:00:00,,EPSG,,
8063,M'poraloko to WGS 84 (1),,,4266,4326,1,8463,1996-10-18 00:00:00,,EPSG,,
8064,Mahe 1971 to WGS 84 (1),,,4256,4326,1,8464,1996-10-18 00:00:00,,EPSG,,
8065,Massawa to WGS 84 (1),,,4262,4326,1,8465,1996-10-18 00:00:00,,EPSG,,
8066,Merchich to WGS 84 (1),,,4261,4326,1,8466,1996-10-18 00:00:00,,EPSG,,
8067,Minna to WGS 84 (1),,,4263,4326,1,8467,1996-10-18 00:00:00,,EPSG,,
8068,Minna to WGS 84 (2),,,4263,4326,2,8468,1996-10-18 00:00:00,,EPSG,,
8069,Monte Mario to WGS 84 (1),,,4265,4326,1,8469,1996-10-18 00:00:00,,EPSG,,
8070,NAD27 to WGS 84 (1),,,4267,4326,1,8470,1996-10-18 00:00:00,,EPSG,,
8071,NAD27 to WGS 84 (2),,,4267,4326,2,8471,1996-10-18 00:00:00,,EPSG,,
8072,NAD27 to WGS 84 (3),,,4267,4326,3,8472,1996-10-18 00:00:00,,EPSG,,
8073,NAD27 to WGS 84 (4),,,4267,4326,4,8473,1996-10-18 00:00:00,,EPSG,,
8074,NAD27 to WGS 84 (5),,,4267,4326,5,8474,1996-10-18 00:00:00,,EPSG,,
8075,NAD27 to WGS 84 (6),,,4267,4326,6,8475,1996-10-18 00:00:00,,EPSG,,
8076,NAD27 to WGS 84 (7),,,4267,4326,7,8476,1996-10-18 00:00:00,,EPSG,,
8077,NAD27 to WGS 84 (8),,,4267,4326,8,8477,1996-10-18 00:00:00,,EPSG,,
8078,NAD27 to WGS 84 (9),,,4267,4326,9,8478,1996-10-18 00:00:00,,EPSG,,
8079,NAD27 to WGS 84 (10),,,4267,4326,10,8479,1996-10-18 00:00:00,,EPSG,,
8080,NAD27 to WGS 84 (11),,,4267,4326,11,8480,1996-10-18 00:00:00,,EPSG,,
8081,NAD27 to WGS 84 (12),,,4267,4326,12,8481,1996-10-18 00:00:00,,EPSG,,
8082,NAD27 to WGS 84 (13),,,4267,4326,13,8482,1996-10-18 00:00:00,,EPSG,,
8083,NAD27 to WGS 84 (14),,,4267,4326,14,8483,1996-10-18 00:00:00,,EPSG,,
8084,NAD27 to WGS 84 (15),,,4267,4326,15,8484,1996-10-18 00:00:00,,EPSG,,
8085,NAD27 to WGS 84 (16),,,4267,4326,16,8485,1996-10-18 00:00:00,,EPSG,,
8086,NAD27 to WGS 84 (17),,,4267,4326,17,8486,1996-10-18 00:00:00,,EPSG,,
8087,NAD27 to WGS 84 (18),,,4267,4326,18,8487,1996-10-18 00:00:00,,EPSG,,
8088,NAD83 to WGS 84 (1),,,4269,4326,1,8488,1996-10-18 00:00:00,,EPSG,,
8089,Nahrwan 1967 to WGS 84 (1),,,4270,4326,1,8489,1996-10-18 00:00:00,,EPSG,,
8090,Nahrwan 1967 to WGS 84 (2),,,4270,4326,2,8490,1996-10-18 00:00:00,,EPSG,,
8091,Nahrwan 1967 to WGS 84 (3),,,4270,4326,3,8491,1996-10-18 00:00:00,,EPSG,,
8092,Naparima 1972 to WGS 84 (1),,,4271,4326,1,8492,1998-06-30 00:00:00,,EPSG,CAUTION: EPSG believes that these parameter values include a blunder and that if NIMA transformation parameters are to be used the 1987 version (EPSG code 8229) be used.,98.102
8093,NTF to WGS 84 (1),,,4275,4326,1,8493,1996-10-18 00:00:00,,EPSG,,
8094,NTF (Paris) to WGS 84 (1),,,4807,4326,1,8494,1996-10-18 00:00:00,,EPSG,,
8095,OSGB 1936 to WGS 84 (1),,,4277,4326,1,8495,1996-10-18 00:00:00,,EPSG,,
8096,OSGB 1936 to WGS 84 (2),,,4277,4326,2,8496,1996-10-18 00:00:00,,EPSG,,
8097,OSGB 1936 to WGS 84 (3),,,4277,4326,3,8497,1996-10-18 00:00:00,,EPSG,,
8098,OSGB 1936 to WGS 84 (4),,,4277,4326,4,8498,1996-10-18 00:00:00,,EPSG,,
8099,OSGB 1936 to WGS 84 (5),,,4277,4326,5,8499,1996-10-18 00:00:00,,EPSG,,
8100,Pointe Noire to WGS 84 (1),,,4282,4326,1,8500,1996-10-18 00:00:00,,EPSG,,
8101,PSAD56 to WGS 84 (1),,,4248,4326,1,8501,1996-10-18 00:00:00,,EPSG,,
8102,PSAD56 to WGS 84 (2),,,4248,4326,2,8502,1996-10-18 00:00:00,,EPSG,,
8103,PSAD56 to WGS 84 (3),,,4248,4326,3,8503,1996-10-18 00:00:00,,EPSG,,
8104,PSAD56 to WGS 84 (4),,,4248,4326,4,8504,1996-10-18 00:00:00,,EPSG,,
8105,PSAD56 to WGS 84 (5),,,4248,4326,5,8505,1996-10-18 00:00:00,,EPSG,,
8106,PSAD56 to WGS 84 (6),,,4248,4326,6,8506,1996-10-18 00:00:00,,EPSG,,
8107,PSAD56 to WGS 84 (7),,,4248,4326,7,8507,1996-10-18 00:00:00,,EPSG,,
8108,PSAD56 to WGS 84 (8),,,4248,4326,8,8508,1996-10-18 00:00:00,,EPSG,,
8109,PSAD56 to WGS 84 (9),,,4248,4326,9,8509,1996-10-18 00:00:00,,EPSG,,
8110,Qatar to WGS 84 (1),,,4285,4326,1,8510,1996-10-18 00:00:00,,EPSG,,
8111,Qornoq to WGS 84 (1),,,4287,4326,1,8511,1996-10-18 00:00:00,,EPSG,,
8112,SAD69 to WGS 84 (1),,,4291,4326,1,8512,1996-10-18 00:00:00,,EPSG,,
8113,SAD69 to WGS 84 (2),,,4291,4326,2,8513,1996-10-18 00:00:00,,EPSG,,
8114,SAD69 to WGS 84 (3),,,4291,4326,3,8514,1996-10-18 00:00:00,,EPSG,,
8115,SAD69 to WGS 84 (4),,,4291,4326,4,8515,1996-10-18 00:00:00,,EPSG,,
8116,SAD69 to WGS 84 (5),,,4291,4326,5,8516,1996-10-18 00:00:00,,EPSG,,
8117,SAD69 to WGS 84 (6),,,4291,4326,6,8517,1996-10-18 00:00:00,,EPSG,,
8118,SAD69 to WGS 84 (7),,,4291,4326,7,8518,1996-10-18 00:00:00,,EPSG,,
8119,SAD69 to WGS 84 (8),,,4291,4326,8,8519,1996-10-18 00:00:00,,EPSG,,
8120,SAD69 to WGS 84 (9),,,4291,4326,9,8520,1996-10-18 00:00:00,,EPSG,,
8121,SAD69 to WGS 84 (10),,,4291,4326,10,8521,1996-10-18 00:00:00,,EPSG,,
8122,SAD69 to WGS 84 (11),,,4291,4326,11,8522,1996-10-18 00:00:00,,EPSG,,
8123,SAD69 to WGS 84 (12),,,4291,4326,12,8523,1996-10-18 00:00:00,,EPSG,,
8124,SAD69 to WGS 84 (13),,,4291,4326,13,8524,1996-10-18 00:00:00,,EPSG,,
8125,Sapper Hill 1943 to WGS 84 (1),,,4292,4326,1,8525,1996-10-18 00:00:00,,EPSG,,
8126,Schwarzeck to WGS 84 (1),,,4293,4326,1,8526,1996-10-18 00:00:00,,EPSG,,
8127,Tananarive to WGS 84 (1),,,4297,4326,1,8527,1996-10-18 00:00:00,,EPSG,,
8128,Timbalai 1948 to WGS 84 (1),,,4298,4326,1,8528,1996-10-18 00:00:00,,EPSG,,
8129,TM65 to WGS 84 (1),,,4299,4326,1,8529,1996-10-18 00:00:00,,EPSG,,
8130,Tokyo to WGS 84 (1),,,4301,4326,1,8530,1996-10-18 00:00:00,,EPSG,,
8131,Tokyo to WGS 84 (2),,,4301,4326,2,8531,1996-10-18 00:00:00,,EPSG,,
8132,Tokyo to WGS 84 (3),,,4301,4326,3,8532,1996-10-18 00:00:00,,EPSG,,
8133,Tokyo to WGS 84 (4),,,4301,4326,4,8533,1996-10-18 00:00:00,,EPSG,,
8134,Yacare to WGS 84 (1),,,4309,4326,1,8534,1996-10-18 00:00:00,,EPSG,,
8135,Zanderij to WGS 84 (1),,,4311,4326,1,8535,1996-10-18 00:00:00,,EPSG,,
8136,ED50 to ED87 (1),,,4230,4231,1,8536,1996-10-18 00:00:00,,EPSG,,
8137,ED87 to WGS 84 (1),,,4231,4326,1,8537,1996-10-18 00:00:00,,EPSG,,
8138,ED50 to ED87 (2),,,4230,4231,2,8538,1996-10-18 00:00:00,,EPSG,,
8139,AGD84 to WGS 84 (2),,,4203,4326,2,8539,1996-12-12 00:00:00,,EPSG,,
8140,WGS 72 to WGS 84 (1),,,4322,4326,1,8540,1996-12-12 00:00:00,,EPSG,,
8141,WGS 72 to WGS 84 (2),,,4322,4326,2,8541,1996-12-12 00:00:00,,EPSG,,
8142,WGS 72BE to WGS 72 (1),,,4324,4322,1,8542,1996-12-12 00:00:00,,EPSG,,
8143,WGS 72BE to WGS 84 (1),,,4324,4326,1,8543,1996-12-12 00:00:00,,EPSG,,
8144,NAD27 to NAD83 (1),,,4267,4269,1,8544,1996-12-12 00:00:00,,EPSG,,
8146,NAD27 to NAD83 (2),,,4267,4269,2,8546,1996-12-12 00:00:00,,EPSG,,
8148,ED50 to WGS 84 (16),,,4230,4326,16,8548,1997-06-12 00:00:00,,EPSG,,
8149,Herat North to WGS 84 (1),,,4255,4326,1,8549,1997-06-12 00:00:00,,EPSG,,
8150,Kalianpur to WGS 84 (3),,,4243,4326,3,8550,1997-06-12 00:00:00,,EPSG,,
8151,ID74 to WGS 84 (1),,,4238,4326,1,8551,1997-06-12 00:00:00,,EPSG,,
8152,NAD27 to WGS 84 (21),,,4267,4326,21,8552,1997-04-11 00:00:00,,EPSG,,
8153,NAD27 to WGS 84 (22),,,4267,4326,22,8553,1997-04-11 00:00:00,,EPSG,,
8154,NAD83 to WGS 84 (2),,,4269,4326,2,8554,1997-04-11 00:00:00,,EPSG,,
8155,NAD83 to WGS 84 (3),,,4269,4326,3,8555,1997-04-11 00:00:00,,EPSG,,
8156,Nord Sahara 1959 to WGS 84 (1),,,4307,4326,1,8556,1997-04-11 00:00:00,,EPSG,,
8157,Pulkovo 1942 to WGS 84 (1),,,4284,4326,1,8557,1997-04-11 00:00:00,,EPSG,,
8158,Voirol Unifie to WGS 84 (1),,,4305,4326,1,8558,1997-04-11 00:00:00,,EPSG,CAUTION:   EPSG believes that the data used in the derivation of these parameters contains a blunder.  We recommend using transformation 1253 as Voirol 1960 geographical coordinates are the same as Nord Sahara 1959 geographical coordinates.,98.15
8159,Fahud to WGS 84 (1),,,4232,4326,1,8559,1997-04-11 00:00:00,,EPSG,,
8160,NTF (Paris) to NTF (1),,,4807,4275,1,8560,1997-04-11 00:00:00,,EPSG,Prime meridian change.,
8161,Bern 1898 (Bern) to Bern 1898 (1),,,4801,4217,1,8561,1997-04-11 00:00:00,,EPSG,Prime meridian change.,
8162,Bogota (Bogota) to Bogota (1),,,4802,4218,1,8562,1997-04-11 00:00:00,,EPSG,Prime meridian change.,
8163,Lisbon (Lisbon) to Lisbon (1),,,4803,4207,1,8564,1997-04-11 00:00:00,,EPSG,Prime meridian change.,
8164,Makassar (Jakarta) to Makassar (1),,,4804,4257,1,8565,1997-04-11 00:00:00,,EPSG,Prime meridian change.,
8165,MGI (Ferro) to MGI (1),,,4805,4312,1,8566,1997-04-11 00:00:00,,EPSG,Prime meridian change.,
8166,Monte Mario (Rome) to Monte Mario (1),,,4806,4265,1,8567,1997-04-11 00:00:00,,EPSG,Prime meridian change.,
8167,Padang (Jakarta) to Padang (1),,,4808,4280,1,8569,1997-04-11 00:00:00,,EPSG,Prime meridian change.,
8168,Belge 1950 (Brussels) to Belge 1950 (1),,,4809,4215,1,8570,1997-04-11 00:00:00,,EPSG,Prime meridian change.,
8169,Tananarive (Paris) to Tananarive (1),,,4810,4297,1,8571,1997-04-11 00:00:00,,EPSG,Prime meridian change.,
8170,Voirol 1875 (Paris) to Voirol 1875 (1),,,4811,4304,1,8573,1997-04-11 00:00:00,,EPSG,Prime meridian change.,
8171,Voirol Unifie (Paris) to Voirol Unifie(1,,,4812,4305,1,8574,1997-04-11 00:00:00,,EPSG,Prime meridian change.,
8172,Batavia (Jakarta) to Batavia (1),,,4813,4211,1,8576,1997-04-11 00:00:00,,EPSG,Prime meridian change.,
8173,RT38 (Stockholm) to RT38 (1),,,4814,4308,1,8578,1997-04-11 00:00:00,,EPSG,Prime meridian change.,
8174,Bogota (Bogota) to WGS 84 (1),,,4802,4326,1,8563,1997-04-11 00:00:00,,EPSG,,
8175,Monte Mario (Rome) to WGS 84 (1),,,4806,4326,1,8568,1997-04-11 00:00:00,,EPSG,,
8176,Tananarive (Paris) to WGS 84 (1),,,4810,4326,1,8572,1997-04-11 00:00:00,,EPSG,,
8177,Voirol Unifie (Paris) to WGS 84 (1),,,4812,4326,1,8575,1997-04-11 00:00:00,,EPSG,,
8178,Batavia (Jakarta) to WGS 84 (1),,,4813,4326,1,8577,1997-04-11 00:00:00,,EPSG,,
8179,Greek (Athens) to Greek,,,4815,4120,1,8579,1997-06-16 00:00:00,Topography Department; National Technical University of Athens.,EPSG,,
8180,Schwarzeck to WGS 84 (2),,,4293,4326,2,8580,1998-11-19 00:00:00,,EPSG,,98.46
8181,GGRS87 to WGS 84 (1),,,4121,4326,1,8581,1997-06-16 00:00:00,,EPSG,,
8182,HD72 to ETRS89 (1),,,4237,4258,1,8582,1997-11-13 00:00:00,,EPSG,,97.47
8183,HD72 to WGS 84 (1),,,4237,4326,1,8583,1997-07-22 00:00:00,,EPSG,,
8184,ED50 to WGS 84 (17),,,4230,4326,17,8584,1997-11-13 00:00:00,,EPSG,,
8185,NTF to ED50 (1),,,4275,4230,1,8585,1997-11-13 00:00:00,,EPSG,,
8186,NTF (Paris) to ED50 (1),,,4807,4230,1,8586,1997-11-13 00:00:00,,EPSG,,
8187,NTF to WGS 72 (1),,,4275,4322,1,8587,1997-11-13 00:00:00,,EPSG,,
8188,NTF (Paris) to WGS 72 (1),,,4807,4322,1,8588,1997-11-13 00:00:00,,EPSG,,
8189,AGD66 to GDA94 (1),,,4202,4283,1,8589,1997-11-13 00:00:00,,EPSG,,
8190,AGD66 to WGS 84 (2),,,4202,4326,2,8590,1997-11-13 00:00:00,,EPSG,,
8191,AGD84 to GDA94 (1),,,4203,4283,1,8591,1997-11-13 00:00:00,,EPSG,,
8192,AGD84 to WGS 84 (3),,,4203,4326,3,8592,1997-11-13 00:00:00,,EPSG,,
8193,AGD84 to GDA94 (2),,,4203,4283,2,8593,1997-11-13 00:00:00,,EPSG,,
8194,AGD84 to WGS 84 (4),,,4203,4326,4,8594,1997-11-13 00:00:00,,EPSG,,
8195,RT90 to WGS 84 (1),,,4124,4326,1,8595,1997-11-13 00:00:00,,EPSG,,
8196,Samboja to WGS 84 (1),,,4125,4326,1,8596,1997-11-13 00:00:00,,EPSG,,
8197,Pulkovo 1942 to LKS94 (1),,,4284,4126,1,8597,1998-03-12 00:00:00,,EPSG,,
8198,LKS94 to WGS 84 (1),,,4126,4326,1,8598,1998-04-16 00:00:00,,EPSG,,98.13
8199,Pulkovo 1942 to WGS 84 (2),,,4284,4326,2,8609,1998-03-12 00:00:00,,EPSG,,
8200,Pulkovo 1942 to WGS 84 (3),,,4284,4326,3,8602,1998-03-12 00:00:00,,EPSG,,
8201,Pulkovo 1942 to WGS 84 (4),,,4284,4326,4,8603,1998-03-12 00:00:00,,EPSG,,
8202,Pulkovo 1942 to WGS 84 (5),,,4284,4326,5,8604,1998-03-12 00:00:00,,EPSG,,
8203,Pulkovo 1942 to WGS 84 (6),,,4284,4326,6,8605,1998-03-12 00:00:00,,EPSG,,
8204,Pulkovo 1942 to WGS 84 (7),,,4284,4326,7,8606,1998-03-12 00:00:00,,EPSG,,
8205,Pulkovo 1942 to WGS 84 (8),,,4284,4326,8,8607,1998-03-12 00:00:00,,EPSG,,
8206,Pulkovo 1942 to WGS 84 (9),,,4284,4326,9,8608,1998-03-12 00:00:00,,EPSG,,
8207,Arc 1960 to WGS 84 (2),,,4210,4326,2,8599,1998-03-12 00:00:00,,EPSG,,
8208,Arc 1960 to WGS 84 (3),,,4210,4326,3,8600,1998-03-12 00:00:00,,EPSG,,
8209,Segora to WGS 84 (1),,,4294,4326,1,8601,1998-03-12 00:00:00,,EPSG,,
8210,Voirol 1875 to WGS 84 (1),,,4304,4326,1,8610,1998-03-12 00:00:00,,EPSG,,
8211,Voirol 1875 (Paris) to WGS 84 (1),,,4811,4326,1,8611,1998-03-12 00:00:00,,EPSG,,
8212,Naparima 1972 to WGS 84 (2),,,4271,4326,2,8612,1998-04-16 00:00:00,,EPSG,,
8213,Trinidad 1903 to WGS 84 (1),,,4302,4326,1,8613,1998-04-16 00:00:00,,EPSG,,
8214,Tete to Moznet (1),,,4127,4130,1,8614,1998-04-16 00:00:00,,EPSG,,
8215,Tete to WGS 84 (1),,,4127,4326,1,8615,1998-04-16 00:00:00,,EPSG,,
8216,Tete to Moznet (2),,,4127,4130,2,8616,1998-04-16 00:00:00,,EPSG,,
8217,Tete to WGS 84 (2),,,4127,4326,2,8617,1998-04-16 00:00:00,,EPSG,,
8218,Tete to Moznet (3),,,4127,4130,3,8618,1998-04-16 00:00:00,,EPSG,,
8219,Tete to WGS 84 (3),,,4127,4326,3,8619,1998-04-16 00:00:00,,EPSG,,
8220,Tete to Moznet (4),,,4127,4130,4,8620,1998-04-16 00:00:00,,EPSG,,
8221,Tete to WGS 84 (4),,,4127,4326,4,8621,1998-04-16 00:00:00,,EPSG,,
8222,Tete to Moznet (5),,,4127,4130,5,8622,1998-04-16 00:00:00,,EPSG,,
8223,Tete to WGS 84 (5),,,4127,4326,5,8623,1998-04-16 00:00:00,,EPSG,,
8224,Moznet to WGS 84 (1),,,4130,4326,1,8624,1998-04-16 00:00:00,,EPSG,,
8225,Pulkovo 1942 to WGS 84 (10),,,4284,4326,10,8625,1998-04-16 00:00:00,,EPSG,,
8226,Indian 1975 to WGS 84 (2),,,4240,4326,2,8626,1998-04-16 00:00:00,,EPSG,,
8227,Tokyo to WGS 84 (5),,,4301,4326,5,8627,1998-11-19 00:00:00,,EPSG,,98.46
8228,MGI to WGS 84 (1),,,4312,4326,1,8628,1998-04-16 00:00:00,,EPSG,,
8229,Naparima 1972 to WGS 84 (3),,,4271,4326,3,8629,1998-04-16 00:00:00,,EPSG,,
8230,NAD27 to WGS 84 (23),,,4267,4326,23,8630,1998-04-16 00:00:00,,EPSG,,
8231,NAD27 to WGS 84 (24),,,4267,4326,24,8631,1998-04-16 00:00:00,,EPSG,,
8232,NAD83 to WGS 84 (4),,,4269,4326,4,8632,1998-06-30 00:00:00,,EPSG,,
8233,DHDN to ETRS89 (1),,,4314,4258,1,8633,1998-06-30 00:00:00,,EPSG,,
8234,DHDN to WGS 84 (1),,,4314,4326,1,8634,1998-06-30 00:00:00,,EPSG,,
8235,Pulkovo 1942 to ETRS89 (1),,,4284,4258,1,8635,1998-06-30 00:00:00,,EPSG,,
8236,Pulkovo 1942 to WGS 84 (11),,,4284,4326,11,8636,1998-06-30 00:00:00,,EPSG,,
8237,ED50 to WGS 84 (Common Offshore),,,4230,4326,18,8637,1998-06-30 00:00:00,,EPSG,,98.27
8238,Madrid 1870 (Madrid) to ED50 (1),,,4903,4230,1,8638,1998-11-11 00:00:00,,EPSG,,
8239,Madrid 1870 (Madrid) to ED50 (2),,,4903,4230,2,8639,1998-11-11 00:00:00,,EPSG,,
8240,Madrid 1870 (Madrid) to ED50 (3),,,4903,4230,3,8640,1998-11-11 00:00:00,,EPSG,,
8241,Madrid 1870 (Madrid) to WGS 84 (1),,,4903,4326,1,8641,1998-11-11 00:00:00,,EPSG,,
8242,NAD27 to NAD83 (3),,,4267,4269,1,8642,1998-11-11 00:00:00,,EPSG,,
8243,NAD27 to WGS 84 (25),,,4267,4326,25,8643,1998-11-11 00:00:00,,EPSG,,
8244,NAD27 to NAD83 (4),,,4267,4269,1,8644,1998-11-11 00:00:00,,EPSG,,
8245,NAD27 to WGS 84 (26),,,4267,4326,26,8645,1998-11-11 00:00:00,,EPSG,,
8246,OSGB 1936 to WGS 84 (Petroleum),,,4277,4326,6,8646,1998-11-11 00:00:00,,EPSG,,
8247,OSGB 1936 to ED50 (UKOOA),,,4277,4230,1,8647,1998-11-11 00:00:00,,EPSG,,
8248,Manoca to WGS 84 (1),,,4260,4326,1,8648,1998-11-11 00:00:00,,EPSG,,
8249,Camacupa to WGS 72BE (1),,,4220,4324,1,8649,1998-11-11 00:00:00,,EPSG,,
8250,Camacupa to WGS 84 (1),,,4220,4326,1,8650,1998-11-11 00:00:00,,EPSG,,
8251,Camacupa to WGS 84 (2),,,4220,4326,2,8651,1998-11-11 00:00:00,,EPSG,,
8252,Camacupa to WGS 84 (3),,,4220,4326,3,8652,1998-11-11 00:00:00,,EPSG,,
8253,Camacupa to WGS 84 (4),,,4220,4326,4,8653,1998-11-11 00:00:00,,EPSG,,
8254,Camacupa to WGS 84 (5),,,4220,4326,5,8654,1998-11-11 00:00:00,,EPSG,,
8255,Camacupa to WGS 84 (6),,,4220,4326,6,8655,1998-11-11 00:00:00,,EPSG,,
8256,Camacupa to WGS 84 (7),,,4220,4326,7,8656,1998-11-11 00:00:00,,EPSG,,
8257,Camacupa to WGS 84 (8),,,4220,4326,8,8657,1998-11-11 00:00:00,,EPSG,,
8258,Camacupa to WGS 84 (9),,,4220,4326,9,8658,1998-11-11 00:00:00,,EPSG,,
8259,Camacupa to WGS 84 (10),,,4220,4326,10,8659,1998-11-11 00:00:00,,EPSG,,
8260,Malongo 1987 to Mhast (1),,,4259,4264,1,8660,1998-11-11 00:00:00,,EPSG,,
8261,Mhast to WGS 84 (1),,,4264,4326,1,8661,1998-11-11 00:00:00,,EPSG,,
8262,Malongo 1987 to WGS 84 (1),,,4259,4326,1,8662,1998-11-11 00:00:00,,EPSG,,
